latitude	revision	longitude	code	QoS	location
-1.6	2019-02-02	103.61667	ID	maitennce	Asia/Jakarta
29.84576	06/06/2022, 00:00:00	-90.10674	US	average	America/Chicago
33.03699	24 Feb 2015	-117.29198	US	good	America/Los_Angeles
31.84568	2017/03/10	-102.36764	US	accep	America/Chicago
16.06213	2015/05/29	76.0586	IN	average	Asia/Kolkata
19.04222	04/18/2013, 00:00:00	-98.11889	MX	accep	America/Mexico_City
5.84752	2022-02-25	-5.682	CI	maintenance	Africa/Abidjan
39.09112	2014/08/11	-94.41551	US	accep	America/Chicago
-34.64966	2012-11-05	-58.38341	AR	excellent	America/Argentina/Buenos_Aires
52.26083	2014/01/29	7.00417	NL	average	Europe/Amsterdam
44.43579	2013/01/18	26.01649	RO	average	Europe/Bucharest
60.97944	2015-06-08	76.92421	RU	average	Asia/Yekaterinburg
27.85	2015/03/11	112.9	CN	maintenance	Asia/Shanghai
20.14298	2012/12/30	-77.43532	CU	good	America/Havana
-26.93366	01/10/2022, 00:00:00	29.24152	ZA	maintenance	Africa/Johannesburg
-36.9256	2018/05/03	-73.02841	CL	good	America/Santiago
42.67164	12/13/2015, 00:00:00	14.01481	IT	average	Europe/Rome
51.21667	2013/12/24	6.26667	DE	average	Europe/Berlin
-34.28853	20 May 2018	146.05093	AU	building	Australia/Sydney
41.41204	2013-04-08	2.18247	ES	acceptable	Europe/Madrid
35.05266	01/25/2022, 00:00:00	-78.87836	US	accep	America/New_York
-25.54073	17 Apr 2022	152.70493	AU	excellent	Australia/Brisbane
53.51684	05/07/2017, 00:00:00	-113.3187	CA	maintenance	America/Edmonton
-11.48472	10/04/2012, 00:00:00	-37.93278	BR	maintenance	America/Bahia
26.44931	2021/03/03	91.61356	IN	excellent	Asia/Kolkata
-4.83	2015-09-06	29.65806	TZ	average	Africa/Dar_es_Salaam
2.2139	2020/01/14	102.3278	MY	good	Asia/Kuala_Lumpur
34.63915	2021/08/20	-120.45794	US	excellent	America/Los_Angeles
-6.91806	2021/09/06	106.92667	ID	maintenance	Asia/Jakarta
42.52787	2018-10-21	-70.92866	US	excellent	America/New_York
6.46838	2015-07-10	-73.26022	CO	excellent	America/Bogota
33.50921	2012-09-30	-111.89903	US	maintenance	America/Phoenix
54.58048	2015-08-25	16.86194	PL	average	Europe/Warsaw
32.5007	10/23/2012, 00:00:00	-94.74049	US	maintenance	America/Chicago
38.96667	10/06/2013, 00:00:00	-0.18333	ES	accep	Europe/Madrid
4.2475	2018/11/20	9.00472	CM	average	Africa/Douala
40.85158	2013/09/10	122.74754	CN	excellent	Asia/Shanghai
41.27194	22 Aug 2015	123.17306	CN	average	Asia/Shanghai
8.62261	2017/10/22	-70.20749	VE	good	America/Caracas
36.20829	05 Feb 2018	-115.98391	US	accep	America/Los_Angeles
5.30383	06/30/2016, 00:00:00	-1.98956	GH	excellent	Africa/Accra
30.5427	05/24/2022, 00:00:00	-97.54667	US	excellent	America/Chicago
45.0408	2022-07-14	-93.263	US	excellent	America/Chicago
40.68066	14 Oct 2021	-73.47429	US	good	America/New_York
58.1908	2022-07-11	40.17171	RU	building	Europe/Moscow
-10.90889	2016/03/27	-37.03861	BR	maintenance	America/Maceio
55.25	01 May 2019	24.75	LT	good	Europe/Vilnius
54.90083	2021-08-10	38.07083	RU	accep	Europe/Moscow
41.20485	08/22/2019, 00:00:00	-8.33147	PT	good	Europe/Lisbon
53.77166	23 Apr 2016	38.12408	RU	accep	Europe/Moscow
6.46346	25 Mar 2015	-2.31938	GH	accep	Africa/Accra
48.06919	09/05/2017, 00:00:00	11.37703	DE	good	Europe/Berlin
31.12406	10/16/2016, 00:00:00	-97.90308	US	average	America/Chicago
30.29184	2016-08-12	71.67164	PK	maintenance	Asia/Karachi
46.67535	08/24/2014, 00:00:00	5.55575	FR	average	Europe/Paris
48.79325	2012/12/01	2.29275	FR	good	Europe/Paris
51.30001	2016-04-06	13.10984	DE	good	Europe/Berlin
51.39148	2021-01-15	-0.29825	GB	accep	Europe/London
31.64615	11 Aug 2016	120.74221	CN	excellent	Asia/Shanghai
50.8	2017/10/28	3.16667	BE	accep	Europe/Brussels
34.86472	12/04/2016, 00:00:00	117.55417	CN	excellent	Asia/Shanghai
48.52961	11/05/2019, 00:00:00	12.16179	DE	accep	Europe/Berlin
5.90702	06/16/2016, 00:00:00	116.10146	MY	good	Asia/Kuching
-1.26424	2015-04-26	104.09701	ID	building	Asia/Jakarta
44.85278	23 Aug 2013	65.50917	KZ	average	Asia/Qyzylorda
-17.73648	12/13/2018, 00:00:00	168.31366	VU	excellent	Pacific/Efate
34.25	2021-02-09	135.31667	JP	excellent	Asia/Tokyo
-28.81833	09 Feb 2018	-52.51028	BR	excellent	America/Sao_Paulo
-17.74431	09/07/2014, 00:00:00	-48.62789	BR	accep	America/Sao_Paulo
-28.81833	2013-09-11	-52.51028	BR	excellent	America/Sao_Paulo
50.9803	15 Jan 2014	11.32903	DE	excellent	Europe/Berlin
35.82756	2021-05-16	137.95378	JP	accep	Asia/Tokyo
39.33427	10/21/2020, 00:00:00	-76.43941	US	excellent	America/New_York
52.59319	03 Aug 2021	13.32127	DE	accep	Europe/Berlin
6.46838	2014/08/29	-73.26022	CO	excellent	America/Bogota
38.96372	19 May 2022	-76.99081	US	building	America/New_York
31.84568	2014-08-04	-102.36764	US	accep	America/Chicago
10.12268	2014/07/24	77.54372	IN	accep	Asia/Kolkata
32.87533	2016-08-17	71.57118	PK	excellent	Asia/Karachi
11.84962	03/24/2019, 00:00:00	-86.19903	NI	accep	America/Managua
40.87329	11/22/2018, 00:00:00	14.43865	IT	excellent	Europe/Rome
45.43341	2017/05/09	-73.86586	CA	average	America/Toronto
38.07789	21 Aug 2022	13.44275	IT	average	Europe/Rome
40.42386	15 Jan 2017	-3.53261	ES	maintenance	Europe/Madrid
26.67319	19 Mar 2019	31.4976	EG	accep	Africa/Cairo
-21.41222	26 Jun 2014	-42.19667	BR	building	America/Sao_Paulo
10.58806	2021/03/12	77.24779	IN	maintenance	Asia/Kolkata
47.48444	23 Feb 2018	36.25361	UA	excellent	Europe/Zaporozhye
44.59445	2021/05/12	11.04979	IT	excellent	Europe/Rome
53.93361	2016/02/29	37.92792	RU	average	Europe/Moscow
52.86147	06 Jul 2014	9.5926	DE	average	Europe/Berlin
45.50369	2016/05/03	11.412	IT	accep	Europe/Rome
18.42745	09/13/2015, 00:00:00	-67.15407	PR	good	America/Puerto_Rico
-23.44361	2013-04-29	-51.87389	BR	building	America/Sao_Paulo
17.06542	2014/05/30	-96.72365	MX	accep	America/Mexico_City
16.68911	28 Aug 2016	98.50893	MM	excellent	Asia/Yangon
34.77453	08/03/2016, 00:00:00	-96.67834	US	maintenance	America/Chicago
10.10649	2018-09-21	76.35484	IN	building	Asia/Kolkata
37.1759	2020/02/11	128.9889	KR	good	Asia/Seoul
35.48199	27 Feb 2019	137.02166	JP	good	Asia/Tokyo
-54.8	15 Nov 2014	-68.3	AR	good	America/Argentina/Ushuaia
60.02427	01/17/2022, 00:00:00	30.28491	RU	good	Europe/Moscow
65.93381	2019-05-13	111.4834	RU	accep	Asia/Yakutsk
-3.20333	2022-04-04	-52.20639	BR	average	America/Santarem
42.62833	09 Nov 2019	20.89389	XK	excellent	Europe/Belgrade
65.93381	08 Sep 2019	111.4834	RU	maintenance	Asia/Yakutsk
39.09112	30 Jul 2016	-94.41551	US	excellent	America/Chicago
-34.64966	07/14/2016, 00:00:00	-58.38341	AR	accep	America/Argentina/Buenos_Aires
-44.39672	21 Mar 2018	171.25364	NZ	accep	Pacific/Auckland
53.95278	2021/05/01	32.86389	RU	good	Europe/Moscow
16.455	2018/08/18	120.5875	PH	average	Asia/Manila
20.74122	14 Sep 2019	-100.44843	MX	average	America/Mexico_City
33.76446	2014/04/29	-117.79394	US	average	America/Los_Angeles
34.09668	06/15/2019, 00:00:00	-117.71978	US	excellent	America/Los_Angeles
31.71667	05/26/2022, 00:00:00	73.38333	PK	good	Asia/Karachi
23.07492	2015-09-29	88.28637	IN	excellent	Asia/Kolkata
26.2649	07 Dec 2016	81.54855	IN	maintenance	Asia/Kolkata
45.49428	17 Apr 2021	-122.86705	US	maintenance	America/Los_Angeles
41.24255	18 Sep 2020	-82.61573	US	excellent	America/New_York
48.90472	2014-12-04	2.2469	FR	excellent	Europe/Paris
43.54072	2021-07-28	-116.56346	US	average	America/Boise
-4.24444	2017-10-21	-42.29444	BR	good	America/Fortaleza
47.90771	2013-04-14	106.88324	MN	accep	Asia/Ulaanbaatar
-0.35817	27 Jan 2018	42.54536	SO	accep	Africa/Mogadishu
6.46838	2018-06-25	-73.26022	CO	average	America/Bogota
41.94175	12/30/2012, 00:00:00	123.50266	CN	average	Asia/Shanghai
-4.83	10 Oct 2014	29.65806	TZ	average	Africa/Dar_es_Salaam
19.64745	2015-08-18	-102.04897	MX	accep	America/Mexico_City
34.86472	2014-09-27	117.55417	CN	maintenance	Asia/Shanghai
27.92333	2019-03-13	118.53333	CN	building	Asia/Shanghai
34.25628	2014-05-06	-78.04471	US	good	America/New_York
-22.53722	01/15/2014, 00:00:00	-42.98194	BR	excellent	America/Sao_Paulo
39.45621	2014/07/30	-77.96389	US	average	America/New_York
20.21322	19 Oct 2019	-100.88023	MX	good	America/Mexico_City
41.29444	2014-11-30	69.67639	UZ	accep	Asia/Tashkent
40.72371	12/05/2019, 00:00:00	-73.95097	US	good	America/New_York
4.94273	06/27/2016, 00:00:00	15.87735	CF	excellent	Africa/Bangui
32.05971	04 Dec 2021	34.8732	IL	accep	Asia/Jerusalem
16.68911	2021/06/05	98.50893	MM	excellent	Asia/Yangon
45.51667	04 Oct 2013	4.86667	FR	good	Europe/Paris
45.9836	2015-06-15	12.70038	IT	building	Europe/Rome
11.8659	06/22/2022, 00:00:00	34.3869	SD	building	Africa/Khartoum
-2.68333	2016/09/11	33	TZ	accep	Africa/Dar_es_Salaam
55.63711	2013-05-23	37.38115	RU	good	Europe/Moscow
43.91452	22 Mar 2018	-69.96533	US	average	America/New_York
24.81757	2022/05/06	84.63445	IN	good	Asia/Kolkata
-4.26613	30 Jan 2020	15.28318	CG	average	Africa/Brazzaville
-30.60106	2014/04/18	-71.19901	CL	building	America/Santiago
-31.25033	2022/04/16	-61.4867	AR	average	America/Argentina/Cordoba
49.03685	03/21/2021, 00:00:00	8.70745	DE	good	Europe/Berlin
40.72816	08/24/2018, 00:00:00	-74.07764	US	excellent	America/New_York
5.90702	07/21/2022, 00:00:00	116.10146	MY	average	Asia/Kuching
23.29549	08/15/2013, 00:00:00	113.82465	CN	accep	Asia/Shanghai
30.16688	2022/03/11	-96.39774	US	excellent	America/Chicago
46.51872	2021-08-20	86.00214	CN	good	Asia/Urumqi
58.1908	2014-02-11	40.17171	RU	good	Europe/Moscow
43.67681	05 Aug 2018	4.63031	FR	excellent	Europe/Paris
14.93333	2018-07-23	-91.11667	GT	good	America/Guatemala
-7.73379	2015-07-31	113.69785	ID	excellent	Asia/Jakarta
46.7055	03/30/2016, 00:00:00	38.2739	RU	accep	Europe/Moscow
0.49113	2021-01-28	29.47306	CD	good	Africa/Lubumbashi
18.87813	31 Mar 2020	72.93924	IN	accep	Asia/Kolkata
51.40944	2017-11-26	46.04833	RU	good	Europe/Saratov
-34.64167	07/01/2018, 00:00:00	-60.47389	AR	accep	America/Argentina/Buenos_Aires
50.5107	11/16/2017, 00:00:00	18.30056	PL	excellent	Europe/Warsaw
51.62907	05/08/2018, 00:00:00	-0.74934	GB	excellent	Europe/London
40.68066	2014-05-26	-73.47429	US	excellent	America/New_York
13.44581	2014/07/28	101.18445	TH	good	Asia/Bangkok
-31.95224	06/04/2020, 00:00:00	115.8614	AU	excellent	Australia/Perth
40.58654	2018-05-15	-122.39168	US	excellent	America/Los_Angeles
45.51667	01/26/2016, 00:00:00	4.86667	FR	excellent	Europe/Paris
-28.44917	2018/08/25	-52.2	BR	building	America/Sao_Paulo
-34.74785	2017-04-27	-58.70072	AR	maintenance	America/Argentina/Buenos_Aires
38.91817	2018/04/25	-78.19444	US	excellent	America/New_York
40.81	28 Dec 2017	-73.9625	US	excellent	America/New_York
-2.90055	04 Jan 2022	-79.00453	EC	excellent	America/Guayaquil
41.91738	10 Oct 2017	3.1631	ES	good	Europe/Madrid
22.49396	2021/03/05	-105.36369	MX	good	America/Mazatlan
22.98212	26 Oct 2015	-80.58556	CU	accep	America/Havana
33.43443	15 May 2018	-5.22126	MA	average	Africa/Casablanca
43.83125	14 Sep 2015	5.03586	FR	average	Europe/Paris
51.26	2013/05/07	-2.1875	GB	excellent	Europe/London
53.77166	04/02/2018, 00:00:00	38.12408	RU	building	Europe/Moscow
45.75279	10/07/2012, 00:00:00	130.57211	CN	average	Asia/Shanghai
43.4125	24 Feb 2022	23.225	BG	excellent	Europe/Sofia
31.20176	25 Jul 2020	29.91582	EG	building	Africa/Cairo
10.61285	24 Feb 2022	12.19458	NG	excellent	Africa/Lagos
33.92866	04/05/2016, 00:00:00	-6.90656	MA	average	Africa/Casablanca
46.18396	09 Jul 2014	6.10237	CH	average	Europe/Zurich
33.92946	03/29/2019, 00:00:00	-116.97725	US	average	America/Los_Angeles
39.96097	2022/04/23	-75.60804	US	excellent	America/New_York
15.72892	16 Oct 2012	120.57224	PH	average	Asia/Manila
34.8825	09/17/2016, 00:00:00	128.62667	KR	excellent	Asia/Seoul
32.5007	2022/03/03	-94.74049	US	good	America/Chicago
-23.85972	2022-06-18	35.34722	MZ	average	Africa/Maputo
31.96258	10 Oct 2020	73.97117	PK	building	Asia/Karachi
20.22816	10/17/2016, 00:00:00	-103.5687	MX	good	America/Mexico_City
-8.05389	04/25/2018, 00:00:00	-34.88111	BR	building	America/Recife
-26.93366	2016/12/05	29.24152	ZA	excellent	Africa/Johannesburg
51.44889	11 Nov 2012	5.51978	NL	average	Europe/Amsterdam
22.98212	2019/10/28	-80.58556	CU	accep	America/Havana
42.64031	10/10/2020, 00:00:00	125.51176	CN	accep	Asia/Shanghai
-28.44917	22 Mar 2015	-52.2	BR	excellent	America/Sao_Paulo
42.819	2021-09-25	47.1192	RU	building	Europe/Moscow
41.16704	2014/08/23	-73.20483	US	excellent	America/New_York
53.0233	2016-09-26	-1.48119	GB	maintenance	Europe/London
51.12794	2017-11-15	4.21372	BE	good	Europe/Brussels
-28.44917	01 Aug 2018	-52.2	BR	excellent	America/Sao_Paulo
36.6009	03/28/2015, 00:00:00	126.665	KR	acceptable	Asia/Seoul
2.41669	2017-09-03	30.98551	UG	accep	Africa/Kampala
14.93333	17 Feb 2022	-91.11667	GT	maintenance	America/Guatemala
-25.54073	05/13/2022, 00:00:00	152.70493	AU	maintenance	Australia/Brisbane
39.32011	18 Feb 2016	-76.51552	US	average	America/New_York
-3.74912	04/10/2015, 00:00:00	-73.25383	PE	accep	America/Lima
35.85	2021/06/20	117.7	CN	good	Asia/Shanghai
33.98154	08/10/2020, 00:00:00	-81.23621	US	maintenance	America/New_York
57.97472	2019-03-11	33.2525	RU	accep	Europe/Moscow
26.68451	08/03/2021, 00:00:00	-80.66756	US	accep	America/New_York
35.88264	21 Sep 2021	-80.08199	US	building	America/New_York
43.67681	2015-06-07	4.63031	FR	acceptable	Europe/Paris
-34.88422	2020-08-23	150.60036	AU	average	Australia/Sydney
4.94273	19 Jul 2018	15.87735	CF	excellent	Africa/Bangui
-20.88231	2013-04-26	55.4504	RE	maintenance	Indian/Reunion
45.49428	11/06/2016, 00:00:00	-122.86705	US	excellent	America/Los_Angeles
-27.50578	2020-09-17	153.10236	AU	maintenance	Australia/Brisbane
9.15093	04/08/2015, 00:00:00	-79.62098	PA	maintenance	America/Panama
42.28639	2018/11/28	18.84	ME	building	Europe/Podgorica
44.85278	10/16/2021, 00:00:00	65.50917	KZ	good	Asia/Qyzylorda
0.76755	27 Sep 2018	24.43973	CD	excellent	Africa/Lubumbashi
51.24197	10 Sep 2017	4.82313	BE	excellent	Europe/Brussels
37.60876	07/26/2019, 00:00:00	-77.37331	US	accep	America/New_York
53.5942	24 May 2019	25.8191	BY	good	Europe/Minsk
38.96372	2014/12/23	-76.99081	US	maintenance	America/New_York
40.11583	01/24/2021, 00:00:00	67.84222	UZ	good	Asia/Samarkand
-24.19436	09/20/2015, 00:00:00	29.00974	ZA	accep	Africa/Johannesburg
17.54907	10/22/2015, 00:00:00	82.85749	IN	building	Asia/Kolkata
-3.74912	2022/03/16	-73.25383	PE	good	America/Lima
40.87363	2019/01/23	14.34085	IT	average	Europe/Rome
41.85059	15 Jan 2018	-87.882	US	building	America/Chicago
49.88307	11/07/2015, 00:00:00	-119.48568	CA	good	America/Vancouver
53.77166	11/08/2018, 00:00:00	38.12408	RU	average	Europe/Moscow
58.04254	2020/12/25	65.27258	RU	excellent	Asia/Yekaterinburg
36.75965	01 Jul 2018	137.36215	JP	maintenance	Asia/Tokyo
26.76628	12/18/2018, 00:00:00	83.36889	IN	average	Asia/Kolkata
53.51684	2020/05/04	-113.3187	CA	excellent	America/Edmonton
41.24255	06/21/2018, 00:00:00	-82.61573	US	maintenance	America/New_York
-1.63333	26 Mar 2014	13.58357	GA	excellent	Africa/Libreville
38.91817	06/26/2017, 00:00:00	-78.19444	US	excellent	America/New_York
16.75973	25 Feb 2020	-93.11308	MX	accep	America/Mexico_City
32.55531	2021/06/15	76.12647	IN	maintenance	Asia/Kolkata
-20.88231	2019/12/18	55.4504	RE	good	Indian/Reunion
3.7278	2016/11/02	98.6738	ID	excellent	Asia/Jakarta
37.60876	03/17/2021, 00:00:00	-77.37331	US	maintenance	America/New_York
34.25628	2021/03/27	-78.04471	US	good	America/New_York
-37.32167	2015-02-10	-59.13316	AR	building	America/Argentina/Buenos_Aires
15.5439	12/18/2019, 00:00:00	73.7553	IN	maintenance	Asia/Kolkata
-17.73648	01/16/2019, 00:00:00	168.31366	VU	accep	Pacific/Efate
48.98693	2013-09-21	2.44892	FR	excellent	Europe/Paris
32.44874	12 Apr 2018	-99.73314	US	maintenance	America/Chicago
50.75	2020/04/16	2.25	FR	excellent	Europe/Paris
41.14676	27 Feb 2016	-73.49484	US	average	America/New_York
21.53889	2018-10-07	71.57737	IN	accep	Asia/Kolkata
64.5635	2019-07-24	39.8302	RU	accep	Europe/Moscow
7.65649	2019/01/31	4.92235	NG	average	Africa/Lagos
41.55815	2013-02-03	-73.0515	US	accep	America/New_York
-10.90889	2015-06-26	-37.03861	BR	average	America/Maceio
12.74482	2019/12/02	4.52514	NG	accep	Africa/Lagos
68.79833	09/12/2019, 00:00:00	16.54165	NO	accep	Europe/Oslo
34.31	25 May 2013	-2.16	MA	accep	Africa/Casablanca
10.31672	07/30/2014, 00:00:00	123.89071	PH	average	Asia/Manila
35	2020/10/31	136.51667	JP	average	Asia/Tokyo
8.35122	21 Apr 2016	-62.64102	VE	excellent	America/Caracas
50.9803	01/18/2022, 00:00:00	11.32903	DE	average	Europe/Berlin
54.8421	2015/12/29	46.5813	RU	average	Europe/Moscow
52.71083	2015-03-08	5.74861	NL	excellent	Europe/Amsterdam
36.24624	2021-03-02	139.07204	JP	excellent	Asia/Tokyo
42.8139	04 Oct 2018	-1.64295	ES	good	Europe/Madrid
-7.73379	21 Mar 2020	113.69785	ID	good	Asia/Jakarta
50.64336	11 Dec 2019	7.2278	DE	excellent	Europe/Berlin
43.31667	11 Apr 2015	-2.68333	ES	accep	Europe/Madrid
45.99194	2014-10-11	29.41824	UA	average	Europe/Kiev
36.64852	2014/06/02	51.49621	IR	good	Asia/Tehran
1.6	22 Oct 2016	103.81667	MY	good	Asia/Kuala_Lumpur
40.58654	12/23/2012, 00:00:00	-122.39168	US	building	America/Los_Angeles
40.11583	2021/10/12	67.84222	UZ	good	Asia/Samarkand
45.47885	06/16/2016, 00:00:00	133.42825	RU	good	Asia/Vladivostok
48.15659	2014/11/28	28.28489	MD	good	Europe/Chisinau
40.72816	07/19/2022, 00:00:00	-74.07764	US	excellent	America/New_York
40.66482	10/05/2014, 00:00:00	122.22833	CN	average	Asia/Shanghai
35.8	24 Nov 2019	137.23333	JP	accep	Asia/Tokyo
47.80527	2014-12-25	-122.24064	US	maintenance	America/Los_Angeles
25.80565	09 Nov 2015	68.49143	PK	average	Asia/Karachi
52.4089	2019/02/26	31.3237	BY	excellent	Europe/Minsk
33.43443	2017-09-17	-5.22126	MA	average	Africa/Casablanca
55.62047	2016-03-03	37.49338	RU	excellent	Europe/Moscow
37.51803	2013-12-26	15.00913	IT	building	Europe/Rome
48.52961	2012/11/30	12.16179	DE	building	Europe/Berlin
54.8421	2020/01/30	46.5813	RU	excellent	Europe/Moscow
48.21644	04/09/2017, 00:00:00	9.02596	DE	accep	Europe/Berlin
35.6803	2018-07-06	51.0193	IR	accep	Asia/Tehran
57.47908	03/26/2018, 00:00:00	-4.22398	GB	building	Europe/London
-28.44917	2021-12-25	-52.2	BR	building	America/Sao_Paulo
3.3285	2017/09/13	99.1625	ID	maintenance	Asia/Jakarta
-30.60106	10 Apr 2016	-71.19901	CL	building	America/Santiago
27.09978	2021-06-11	-82.45426	US	average	America/New_York
5.27247	01/12/2018, 00:00:00	-3.59625	CI	excellent	Africa/Abidjan
-19.7625	2013/05/31	-44.31389	BR	excellent	America/Sao_Paulo
51.26	2021/11/27	-2.1875	GB	maintenance	Europe/London
-22.57306	2016-09-01	-47.1725	BR	good	America/Sao_Paulo
48.52961	2013/12/29	12.16179	DE	good	Europe/Berlin
55.38752	02/05/2016, 00:00:00	36.73307	RU	average	Europe/Moscow
39.09112	11/28/2016, 00:00:00	-94.41551	US	acceptable	America/Chicago
47.64995	2019-02-28	-117.23991	US	excellent	America/Los_Angeles
29.65163	2017/07/17	-82.32483	US	accep	America/New_York
43.61062	2021-12-01	-72.97261	US	average	America/New_York
32.61603	11/28/2014, 00:00:00	44.02488	IQ	good	Asia/Baghdad
25.87498	2020-02-27	86.59611	IN	excellent	Asia/Kolkata
27.71809	2018/06/02	-82.35176	US	excellent	America/New_York
50.74497	10/11/2014, 00:00:00	3.20639	BE	average	Europe/Brussels
5.84752	19 Jan 2018	-5.682	CI	building	Africa/Abidjan
33.92866	2020/09/24	-6.90656	MA	excellent	Africa/Casablanca
53.6052	2022/08/20	10.03988	DE	accep	Europe/Berlin
34.25628	10/26/2020, 00:00:00	-78.04471	US	excellent	America/New_York
32.54278	2018/06/12	111.50861	CN	good	Asia/Shanghai
41.55815	11/29/2019, 00:00:00	-73.0515	US	excellent	America/New_York
32.61603	16 Jun 2021	44.02488	IQ	maintenance	Asia/Baghdad
54.8421	2012/12/30	46.5813	RU	good	Europe/Moscow
-8.66667	2020/12/21	-35.71667	BR	accep	America/Recife
47.64995	2019-12-02	-117.23991	US	accep	America/Los_Angeles
4.96667	03 Nov 2021	10.7	CM	good	Africa/Douala
30.5427	10/19/2015, 00:00:00	-97.54667	US	excellent	America/Chicago
44.22639	2019/02/12	22.53083	RS	accep	Europe/Belgrade
6.9909	2016/07/24	79.883	LK	accep	Asia/Colombo
-26.22861	2020-08-12	-52.67056	BR	average	America/Sao_Paulo
30.46907	2021-05-02	70.96699	PK	excellent	Asia/Karachi
36.6009	12/04/2017, 00:00:00	126.665	KR	excellent	Asia/Seoul
-54.8	27 Jul 2014	-68.3	AR	good	America/Argentina/Ushuaia
50.80904	04 May 2017	8.77069	DE	good	Europe/Berlin
55.82885	31 Oct 2020	-4.21376	GB	maintenance	Europe/London
-25.54073	2019-11-28	152.70493	AU	average	Australia/Brisbane
37.13548	2021-09-23	-3.67029	ES	excellent	Europe/Madrid
33.72255	2014/07/09	-116.37697	US	average	America/Los_Angeles
41.72059	11/10/2018, 00:00:00	-87.70172	US	average	America/Chicago
0.76755	2021/05/23	24.43973	CD	maintenance	Africa/Lubumbashi
23.0072	24 Mar 2014	-82.4017	CU	good	America/Havana
36.46917	02 Nov 2012	10.78222	TN	accep	Africa/Tunis
-32.05251	2020/12/30	115.88782	AU	good	Australia/Perth
14.62578	2017/04/07	121.12251	PH	average	Asia/Manila
41.57439	2013/03/29	24.71204	BG	average	Europe/Sofia
68.79833	04/13/2019, 00:00:00	16.54165	NO	building	Europe/Oslo
41.63976	30 Sep 2020	2.35739	ES	good	Europe/Madrid
51.19139	18 Nov 2015	6.51352	DE	good	Europe/Berlin
38.54491	2017/04/11	-121.74052	US	accep	America/Los_Angeles
13.56667	2019/04/29	-15.6	GM	average	Africa/Banjul
37.56667	20 Nov 2014	140.11667	JP	accep	Asia/Tokyo
-54.8	04 Feb 2018	-68.3	AR	good	America/Argentina/Ushuaia
0.49113	07/24/2018, 00:00:00	29.47306	CD	average	Africa/Lubumbashi
-14.66463	06/21/2017, 00:00:00	-52.35558	BR	good	America/Cuiaba
29.21399	2014/04/05	78.95693	IN	accep	Asia/Kolkata
17.54907	08/20/2020, 00:00:00	82.85749	IN	good	Asia/Kolkata
22.49396	07 Jan 2013	-105.36369	MX	accep	America/Mazatlan
-7.76667	2013-04-03	35.7	TZ	good	Africa/Dar_es_Salaam
10.13361	2014/06/06	124.84472	PH	maintenance	Asia/Manila
12.25282	2017/05/21	79.41727	IN	accep	Asia/Kolkata
32.65246	2022/04/19	51.67462	IR	excellent	Asia/Tehran
31.12406	15 Nov 2012	-97.90308	US	good	America/Chicago
46.32374	2022/07/19	-120.00865	US	average	America/Los_Angeles
60.2052	2013/07/31	24.6522	FI	good	Europe/Helsinki
33.86419	2020-09-01	48.26258	IR	average	Asia/Tehran
39.12074	2019/05/14	27.18052	TR	good	Europe/Istanbul
35.48199	04/26/2017, 00:00:00	137.02166	JP	average	Asia/Tokyo
-4.16694	2014-12-08	-40.7475	BR	average	America/Fortaleza
3.27833	08/04/2015, 00:00:00	32.88667	UG	excellent	Africa/Kampala
56.11281	2018/06/18	69.49015	RU	excellent	Asia/Yekaterinburg
-37.9	2015/08/29	145.18333	AU	building	Australia/Melbourne
52.26083	25 Nov 2015	7.00417	NL	excellent	Europe/Amsterdam
18.00747	08/26/2017, 00:00:00	-76.78319	JM	excellent	America/Jamaica
52.61131	2017/03/31	13.31783	DE	accep	Europe/Berlin
50.72043	2017-07-02	11.34046	DE	average	Europe/Berlin
33.92946	11/17/2018, 00:00:00	-116.97725	US	good	America/Los_Angeles
23.5654	2014/03/05	119.58627	TW	accep	Asia/Taipei
46.51872	2013/05/08	86.00214	CN	good	Asia/Urumqi
45.16024	08/13/2021, 00:00:00	-93.08883	US	excellent	America/Chicago
43.50891	28 Jun 2020	16.43915	HR	building	Europe/Zagreb
51.35084	06/16/2018, 00:00:00	-1.99421	GB	accep	Europe/London
6.95194	17 Nov 2017	121.96361	PH	good	Asia/Manila
50.23805	2013-08-09	8.86704	DE	excellent	Europe/Berlin
39.22493	01/26/2018, 00:00:00	42.85693	TR	average	Europe/Istanbul
51.30001	12/12/2016, 00:00:00	13.10984	DE	maintenance	Europe/Berlin
-10.90889	2014-11-22	-37.03861	BR	building	America/Maceio
51.30001	2022/03/10	13.10984	DE	good	Europe/Berlin
-30.60106	06/15/2014, 00:00:00	-71.19901	CL	good	America/Santiago
52.86147	25 Jun 2014	9.5926	DE	good	Europe/Berlin
14.62578	21 Feb 2015	121.12251	PH	maintenance	Asia/Manila
31.78336	07/21/2017, 00:00:00	35.23388	PS	excellent	Asia/Hebron
-26.93366	28 Nov 2015	29.24152	ZA	building	Africa/Johannesburg
14.14989	09 Dec 2020	121.3152	PH	good	Asia/Manila
-0.35817	26 Dec 2019	42.54536	SO	excellent	Africa/Mogadishu
23.18	2017-01-23	88.58	IN	average	Asia/Kolkata
10.98778	2015/08/28	-74.95472	CO	good	America/Bogota
43.86682	2014-02-13	-79.2663	CA	good	America/Toronto
52.14	2017/04/12	5.58472	NL	accep	Europe/Amsterdam
50.71229	2020/12/07	4.52529	BE	good	Europe/Brussels
51.20219	09 Apr 2015	7.36027	DE	good	Europe/Berlin
32.65246	2016/09/01	51.67462	IR	accep	Asia/Tehran
36.20829	13 Jul 2020	-115.98391	US	excellent	America/Los_Angeles
37.16911	12/19/2020, 00:00:00	10.03478	TN	average	Africa/Tunis
39.32011	2020-06-08	-76.51552	US	average	America/New_York
31.64615	06 Jan 2022	120.74221	CN	accep	Asia/Shanghai
39.59611	2014/09/01	27.02444	TR	maintenance	Europe/Istanbul
18.00747	13 Jul 2014	-76.78319	JM	excellent	America/Jamaica
20.88197	2018/12/21	85.83334	IN	maintenance	Asia/Kolkata
41.50343	05/19/2015, 00:00:00	-74.01042	US	good	America/New_York
48.43174	03/17/2013, 00:00:00	17.8031	SK	building	Europe/Bratislava
-25.54073	02 Oct 2016	152.70493	AU	building	Australia/Brisbane
52.41667	02/16/2019, 00:00:00	0.75	GB	good	Europe/London
42.8334	16 Apr 2016	-80.38297	CA	average	America/Toronto
-17.74431	2017-11-18	-48.62789	BR	maintenance	America/Sao_Paulo
37.95143	2017/07/23	-91.77127	US	excellent	America/Chicago
50.8	01/11/2014, 00:00:00	3.16667	BE	good	Europe/Brussels
29.98869	2017/11/05	122.20488	CN	accep	Asia/Shanghai
50.20528	24 Sep 2020	19.27498	PL	excellent	Europe/Warsaw
43.1122	2020-01-21	12.38878	IT	excellent	Europe/Rome
0.03813	2018/04/04	36.36339	KE	excellent	Africa/Nairobi
11.8659	2017/02/04	34.3869	SD	average	Africa/Khartoum
41.41204	2013/10/07	2.18247	ES	building	Europe/Madrid
37.56667	2017-04-08	140.11667	JP	excellent	Asia/Tokyo
33.3213	2019-07-18	130.94098	JP	accep	Asia/Tokyo
34.4833	27 Jun 2013	136.84186	JP	excellent	Asia/Tokyo
51.08468	2021-05-02	7.11393	DE	excellent	Europe/Berlin
41.55838	07/02/2015, 00:00:00	-81.56929	US	average	America/New_York
46.75451	30 Sep 2014	33.34864	UA	average	Europe/Kiev
6.46346	2018/07/13	-2.31938	GH	maintenance	Africa/Accra
59.33333	2014/01/04	18.28333	SE	average	Europe/Stockholm
10.7375	05 Feb 2016	122.9666	PH	excellent	Asia/Manila
0.49113	12/07/2012, 00:00:00	29.47306	CD	excellent	Africa/Lubumbashi
9.89206	05/17/2018, 00:00:00	43.38531	SO	building	Africa/Mogadishu
53.19146	06/29/2020, 00:00:00	-2.52398	GB	good	Europe/London
31.96258	05/18/2014, 00:00:00	73.97117	PK	good	Asia/Karachi
48.90472	09/16/2018, 00:00:00	2.2469	FR	maintenance	Europe/Paris
24.96334	2014-12-12	10.18003	LY	building	Africa/Tripoli
39.09112	2012/11/09	-94.41551	US	maintenance	America/Chicago
40.70995	08/02/2021, 00:00:00	0.57856	ES	average	Europe/Madrid
-33.88096	05/10/2021, 00:00:00	151.07986	AU	good	Australia/Sydney
53.46506	14 Sep 2022	-1.47217	GB	good	Europe/London
39.96348	2020/09/25	-4.83076	ES	excellent	Europe/Madrid
49.07866	09/15/2020, 00:00:00	30.96755	UA	average	Europe/Kiev
32.05971	2017-03-14	34.8732	IL	accep	Asia/Jerusalem
11.15583	2020-09-21	42.7125	DJ	excellent	Africa/Djibouti
6.25947	2015/03/19	102.05461	TH	building	Asia/Bangkok
47.76232	07 Mar 2016	-122.2054	US	building	America/Los_Angeles
37.16911	01 Oct 2017	10.03478	TN	average	Africa/Tunis
39.08367	22 Dec 2015	-84.50855	US	accep	America/New_York
53.38333	23 Jul 2016	-0.76667	GB	accep	Europe/London
-37.32167	07/23/2014, 00:00:00	-59.13316	AR	average	America/Argentina/Buenos_Aires
23.02677	04/08/2016, 00:00:00	113.13148	CN	excellent	Asia/Shanghai
52.71083	27 Dec 2015	5.74861	NL	accep	Europe/Amsterdam
34.4833	09/13/2015, 00:00:00	136.84186	JP	good	Asia/Tokyo
41.82143	30 Jan 2015	41.77921	GE	good	Asia/Tbilisi
44.59445	2013/08/24	11.04979	IT	good	Europe/Rome
50.23019	20 Feb 2017	8.77155	DE	average	Europe/Berlin
48.79325	2018-12-12	2.29275	FR	good	Europe/Paris
-29.2975	06 May 2013	-51.50361	BR	accep	America/Sao_Paulo
24.81757	01/24/2017, 00:00:00	84.63445	IN	average	Asia/Kolkata
22.19303	2014/04/24	88.18466	IN	excellent	Asia/Kolkata
47.30997	17 Oct 2020	8.52462	CH	average	Europe/Zurich
-4.5833	10/15/2020, 00:00:00	15.16554	CD	accep	Africa/Kinshasa
12.1277	15 Dec 2017	78.15794	IN	good	Asia/Kolkata
41.27621	2019-01-16	-72.86843	US	building	America/New_York
11.86064	2015/07/07	9.0027	NG	accep	Africa/Lagos
50.26729	04/30/2016, 00:00:00	-119.27337	CA	good	America/Vancouver
51.39148	2015-11-05	-0.29825	GB	average	Europe/London
40.98894	2016-07-27	28.67582	TR	accep	Europe/Istanbul
47.64995	06 Jun 2019	-117.23991	US	maintenance	America/Los_Angeles
39.12074	27 Feb 2014	27.18052	TR	accep	Europe/Istanbul
32.17629	2014-09-03	75.06583	PK	average	Asia/Karachi
-1.6	11 Jan 2015	103.61667	ID	maintenance	Asia/Jakarta
46.23899	2017-12-24	-63.13414	CA	maintenance	America/Halifax
34.56861	2014/01/24	105.89333	CN	good	Asia/Shanghai
-4.06667	24 Jan 2014	37.73333	TZ	accep	Africa/Dar_es_Salaam
-21.98333	2013/07/02	16.91667	NA	maintenance	Africa/Windhoek
27.55898	2020-05-01	68.21204	PK	maintenance	Asia/Karachi
-5.41667	2017-04-07	38.01667	TZ	average	Africa/Dar_es_Salaam
41.1053	11/28/2018, 00:00:00	-7.32097	PT	maintenance	Europe/Lisbon
42.52787	2013-12-31	-70.92866	US	accep	America/New_York
21.53889	13 Aug 2017	71.57737	IN	average	Asia/Kolkata
-37.88333	26 Mar 2020	145.06667	AU	good	Australia/Melbourne
-7.76667	18 Dec 2018	35.7	TZ	accep	Africa/Dar_es_Salaam
35.06667	2022-09-25	135.21667	JP	average	Asia/Tokyo
33.44872	2021-06-14	-86.78777	US	good	America/Chicago
47.64995	2014/12/25	-117.23991	US	maintenance	America/Los_Angeles
32.61603	06 Dec 2020	44.02488	IQ	average	Asia/Baghdad
48.15659	02/15/2020, 00:00:00	28.28489	MD	accep	Europe/Chisinau
28.71271	19 Nov 2019	77.656	IN	average	Asia/Kolkata
25.13915	12/17/2015, 00:00:00	73.06784	IN	average	Asia/Kolkata
56.85836	26 Dec 2019	35.90057	RU	accep	Europe/Moscow
42.62833	28 Jun 2022	20.89389	XK	building	Europe/Belgrade
57.97472	2014-12-25	33.2525	RU	accep	Europe/Moscow
20.14298	2016-04-21	-77.43532	CU	excellent	America/Havana
38.96372	2020/01/01	-76.99081	US	building	America/New_York
40.11583	30 Sep 2020	67.84222	UZ	excellent	Asia/Samarkand
44.89784	2017/09/16	8.86374	IT	good	Europe/Rome
0.51667	12 Mar 2013	101.44167	ID	average	Asia/Jakarta
52.66277	2013/05/19	-2.01111	GB	excellent	Europe/London
53.19146	2019/03/25	-2.52398	GB	excellent	Europe/London
16.68911	2021/10/01	98.50893	MM	accep	Asia/Yangon
32.52515	24 Sep 2022	-93.75018	US	maintenance	America/Chicago
42.8334	07 Nov 2021	-80.38297	CA	building	America/Toronto
52.57583	2013/05/21	6.61944	NL	excellent	Europe/Amsterdam
10.61285	2012/11/25	12.19458	NG	maintenance	Africa/Lagos
41.6764	07/13/2014, 00:00:00	-91.58045	US	maintenance	America/Chicago
43.32686	2020/07/27	-2.98884	ES	good	Europe/Madrid
28.71271	07/31/2015, 00:00:00	77.656	IN	average	Asia/Kolkata
32.44874	2012-12-05	-99.73314	US	excellent	America/Chicago
-34.88422	02/07/2015, 00:00:00	150.60036	AU	accep	Australia/Sydney
34.5624	2017/06/06	38.28402	SY	excellent	Asia/Damascus
12.25282	2021-03-09	79.41727	IN	accep	Asia/Kolkata
53.95278	2022/02/01	32.86389	RU	excellent	Europe/Moscow
-38.65333	2016/03/17	178.00417	NZ	maintenance	Pacific/Auckland
25.67927	2014/06/09	-80.31727	US	maintenance	America/New_York
-10.95817	12/30/2019, 00:00:00	-38.79084	BR	average	America/Bahia
60.02427	27 Sep 2013	30.28491	RU	excellent	Europe/Moscow
-32.05251	2017/12/28	115.88782	AU	excellent	Australia/Perth
8.56697	2020-01-18	123.33471	PH	accep	Asia/Manila
-7.60361	2021-06-18	37.00438	TZ	average	Africa/Dar_es_Salaam
37.31309	2017/08/22	40.74357	TR	accep	Europe/Istanbul
-26.93366	03 Nov 2014	29.24152	ZA	average	Africa/Johannesburg
37.31065	21 Mar 2019	13.57661	IT	building	Europe/Rome
41.66394	05/21/2013, 00:00:00	-83.55521	US	good	America/New_York
42	2019-11-11	21.32778	MK	excellent	Europe/Skopje
51.82721	2019/01/20	107.60627	RU	maintenance	Asia/Irkutsk
0.76755	24 Jul 2013	24.43973	CD	excellent	Africa/Lubumbashi
50.26729	2019/09/19	-119.27337	CA	excellent	America/Vancouver
42.7	2018/02/22	27.25	BG	good	Europe/Sofia
50.11861	2017/03/02	-5.53715	GB	accep	Europe/London
12.35275	01/31/2013, 00:00:00	121.06761	PH	good	Asia/Manila
56.85836	2015/06/17	35.90057	RU	average	Europe/Moscow
13.48082	18 Jun 2016	-86.58208	NI	good	America/Managua
-38.65333	2017-10-05	178.00417	NZ	average	Pacific/Auckland
43.61092	12 Sep 2018	3.87723	FR	good	Europe/Paris
-22.45667	2014/11/12	-47.53028	BR	excellent	America/Sao_Paulo
10.98778	01/23/2021, 00:00:00	-74.95472	CO	good	America/Bogota
14.0823	05/03/2013, 00:00:00	98.19151	MM	maintenance	Asia/Yangon
34.85	2015-08-07	117.33333	CN	average	Asia/Shanghai
8.88649	2016/01/03	2.59753	BJ	average	Africa/Porto-Novo
54.60528	2015-12-13	18.34717	PL	average	Europe/Warsaw
40.68066	09/01/2014, 00:00:00	-73.47429	US	excellent	America/New_York
-22.45667	2013-09-09	-47.53028	BR	building	America/Sao_Paulo
57.30185	06 Dec 2015	39.85331	RU	accep	Europe/Moscow
49.41029	02 Sep 2020	38.15035	UA	good	Europe/Zaporozhye
48.35149	10/24/2012, 00:00:00	8.96317	DE	accep	Europe/Berlin
41.57439	03/20/2020, 00:00:00	24.71204	BG	average	Europe/Sofia
38.47917	04/23/2015, 00:00:00	-1.325	ES	average	Europe/Madrid
47.30997	14 Jan 2016	8.52462	CH	maintenance	Europe/Zurich
51.65333	31 Oct 2021	5.2875	NL	accep	Europe/Amsterdam
46.65581	03/17/2014, 00:00:00	32.6178	UA	excellent	Europe/Kiev
38.55632	2015/05/26	69.01354	TJ	average	Asia/Dushanbe
26.67319	06/12/2018, 00:00:00	31.4976	EG	average	Africa/Cairo
43.61062	2016-02-12	-72.97261	US	good	America/New_York
22.19303	2022/09/23	88.18466	IN	excellent	Asia/Kolkata
29.84576	2022/01/14	-90.10674	US	accep	America/Chicago
44.59445	2021/08/10	11.04979	IT	accep	Europe/Rome
37.13548	2018/01/12	-3.67029	ES	good	Europe/Madrid
52.48173	2020/08/17	-2.12139	GB	average	Europe/London
25.87498	11 Sep 2019	86.59611	IN	average	Asia/Kolkata
3.02013	07/13/2021, 00:00:00	30.91105	UG	accep	Africa/Kampala
58.04254	2020/01/01	65.27258	RU	excellent	Asia/Yekaterinburg
-19.7625	03/15/2013, 00:00:00	-44.31389	BR	maintenance	America/Sao_Paulo
39.43534	08 Mar 2022	-84.20299	US	good	America/New_York
40.85158	2018/07/23	122.74754	CN	average	Asia/Shanghai
45.9836	25 Mar 2018	12.70038	IT	good	Europe/Rome
48.46458	2020-11-24	9.22796	DE	good	Europe/Berlin
34.08565	08/08/2016, 00:00:00	74.80555	IN	excellent	Asia/Kolkata
19.04222	15 Apr 2020	-98.11889	MX	excellent	America/Mexico_City
32.44874	12 Sep 2014	-99.73314	US	good	America/Chicago
41.80753	2015-10-20	-87.65644	US	excellent	America/Chicago
48.86667	2013/04/23	2.08333	FR	building	Europe/Paris
40.94065	2017/01/26	-73.99681	US	maintenance	America/New_York
9.535	05 Jan 2019	-13.68778	GN	accep	Africa/Conakry
35.74788	2013-03-16	-95.36969	US	good	America/Chicago
25.6439	2016/03/30	77.9129	IN	average	Asia/Kolkata
41.91886	2020-08-31	8.73812	FR	accep	Europe/Paris
42.67164	2022/03/02	14.01481	IT	average	Europe/Rome
3.02013	2018/01/02	30.91105	UG	accep	Africa/Kampala
-10.33333	2019/03/24	39.28333	TZ	good	Africa/Dar_es_Salaam
15.73628	2018/08/13	75.96976	IN	building	Asia/Kolkata
33.93113	21 Aug 2017	-117.54866	US	accep	America/Los_Angeles
6.15038	2014/02/13	6.83042	NG	excellent	Africa/Lagos
39.33427	2021-06-02	-76.43941	US	accep	America/New_York
20.28527	2013/11/04	-103.42897	MX	maintenance	America/Mexico_City
52.14	06/28/2022, 00:00:00	5.58472	NL	average	Europe/Amsterdam
40.64621	2019-03-21	-73.97069	US	average	America/New_York
39.71734	2021/05/19	-74.96933	US	good	America/New_York
40.60538	28 Jan 2017	-73.75513	US	building	America/New_York
9.92787	27 Aug 2018	-84.13722	CR	accep	America/Costa_Rica
-3.5403	2014/03/03	118.9707	ID	average	Asia/Makassar
35.30889	2013/06/11	139.55028	JP	average	Asia/Tokyo
53.78333	07/02/2016, 00:00:00	-1.06667	GB	building	Europe/London
0.46005	28 Mar 2016	34.11169	KE	excellent	Africa/Nairobi
38.55632	2017/07/31	69.01354	TJ	excellent	Asia/Dushanbe
32.42067	2017/01/29	-104.22884	US	excellent	America/Denver
15.45144	03/05/2021, 00:00:00	78.14797	IN	good	Asia/Kolkata
53.77166	03/09/2015, 00:00:00	38.12408	RU	maintenance	Europe/Moscow
34.95303	09/17/2022, 00:00:00	-120.43572	US	average	America/Los_Angeles
-6.8048	09/22/2018, 00:00:00	110.8405	ID	maintenance	Asia/Jakarta
6.45407	16 May 2014	3.39467	NG	accep	Africa/Lagos
10.58806	14 Jun 2017	77.24779	IN	building	Asia/Kolkata
34.56861	2014/03/07	105.89333	CN	maintenance	Asia/Shanghai
16.06213	2014/11/01	76.0586	IN	good	Asia/Kolkata
33.45122	2016-02-13	-86.99666	US	accep	America/Chicago
33.41012	27 Nov 2020	-91.06177	US	accep	America/Chicago
12.1277	29 Nov 2020	78.15794	IN	average	Asia/Kolkata
41.15612	19 May 2016	1.10687	ES	accep	Europe/Madrid
21.34222	2014/06/20	71.30633	IN	building	Asia/Kolkata
48.78232	2013/01/16	9.17702	DE	average	Europe/Berlin
18.65297	2014-08-31	-72.09391	HT	average	America/Port-au-Prince
54.48147	2020/12/15	53.47103	RU	good	Asia/Yekaterinburg
23.07492	2015/08/10	88.28637	IN	good	Asia/Kolkata
50.71229	07/12/2020, 00:00:00	4.52529	BE	accep	Europe/Brussels
16.06213	28 Oct 2017	76.0586	IN	good	Asia/Kolkata
5.4709	2016-04-07	100.24529	MY	average	Asia/Kuala_Lumpur
55.62047	2019/11/23	37.49338	RU	building	Europe/Moscow
31.82539	20 Sep 2021	72.54064	PK	excellent	Asia/Karachi
-21.42917	05/11/2019, 00:00:00	-45.94722	BR	building	America/Sao_Paulo
15.48131	28 Jan 2014	-86.57415	HN	maintenance	America/Tegucigalpa
45.39402	23 Jun 2013	9.29109	IT	average	Europe/Rome
39.12074	08 Dec 2019	27.18052	TR	average	Europe/Istanbul
11.86064	2020-09-12	9.0027	NG	average	Africa/Lagos
40.72586	01/29/2016, 00:00:00	8.55552	IT	building	Europe/Rome
36.76639	2015/01/17	3.47717	DZ	good	Africa/Algiers
30.75545	14 Apr 2016	20.22625	LY	building	Africa/Tripoli
20.14298	2014/05/12	-77.43532	CU	maintenance	America/Havana
60.97944	2020/07/06	76.92421	RU	excellent	Asia/Yekaterinburg
38.45598	10/27/2019, 00:00:00	48.87498	AZ	good	Asia/Baku
42.819	2014-01-17	47.1192	RU	accep	Europe/Moscow
6.15038	17 Nov 2012	6.83042	NG	good	Africa/Lagos
43.61062	11/20/2018, 00:00:00	-72.97261	US	accep	America/New_York
48.35149	2020-11-26	8.96317	DE	excellent	Europe/Berlin
53.53333	07/01/2022, 00:00:00	-7.35	IE	average	Europe/Dublin
14.53767	2016-12-29	46.83187	YE	accep	Asia/Aden
29.53885	2021-12-30	-95.44744	US	accep	America/Chicago
-37.88333	08 Nov 2012	145.06667	AU	accep	Australia/Melbourne
13.73417	2017-06-01	-89.71472	SV	excellent	America/El_Salvador
43.1122	2014/12/02	12.38878	IT	good	Europe/Rome
54.03876	03/15/2015, 00:00:00	43.91385	RU	average	Europe/Moscow
9.82564	2015/01/13	78.25795	IN	maintenance	Asia/Kolkata
45.43341	10 Dec 2016	-73.86586	CA	excellent	America/Toronto
42.819	2015-06-07	47.1192	RU	accep	Europe/Moscow
52.53048	2019/11/07	13.29371	DE	building	Europe/Berlin
27.71809	2019/05/13	-82.35176	US	average	America/New_York
52.59319	02/07/2014, 00:00:00	13.32127	DE	accep	Europe/Berlin
12.1277	19 Jan 2021	78.15794	IN	good	Asia/Kolkata
58.63667	2019/10/30	59.80222	RU	building	Asia/Yekaterinburg
11.93381	2018/09/14	79.82979	IN	excellent	Asia/Kolkata
-7.57897	01 Jul 2019	112.23109	ID	excellent	Asia/Jakarta
8.62261	2022/01/27	-70.20749	VE	excellent	America/Caracas
40.49748	2019-04-09	44.7662	AM	accep	Asia/Yerevan
34.15429	06/27/2016, 00:00:00	3.50309	DZ	excellent	Africa/Algiers
51.95838	2020-05-19	4.47124	NL	accep	Europe/Amsterdam
54.48147	22 Oct 2020	53.47103	RU	building	Asia/Yekaterinburg
41.57721	2017/04/23	-93.71133	US	good	America/Chicago
36.33011	2012/10/26	138.89585	JP	good	Asia/Tokyo
55.67938	05/03/2018, 00:00:00	12.53463	DK	excellent	Europe/Copenhagen
50.75	2018-01-20	2.25	FR	accep	Europe/Paris
18.51957	07/24/2016, 00:00:00	73.85535	IN	accep	Asia/Kolkata
18.87813	13 Dec 2021	72.93924	IN	accep	Asia/Kolkata
40.65538	2019/09/12	-74.38987	US	maintenance	America/New_York
41.57439	27 Mar 2016	24.71204	BG	building	Europe/Sofia
50.86079	18 Jul 2021	17.4674	PL	excellent	Europe/Warsaw
51.82721	2019/07/15	107.60627	RU	building	Asia/Irkutsk
38.96667	2020/08/07	-0.18333	ES	maintenance	Europe/Madrid
-7.0981	2016-01-27	109.3243	ID	accep	Asia/Jakarta
-10.91722	06 Apr 2021	-37.65	BR	accep	America/Maceio
25.49043	2015/08/01	85.94001	IN	maintenance	Asia/Kolkata
40.58654	2017/04/12	-122.39168	US	maintenance	America/Los_Angeles
41.50343	15 Jun 2018	-74.01042	US	average	America/New_York
53.95278	06/28/2019, 00:00:00	32.86389	RU	excellent	Europe/Moscow
39.22493	20 Sep 2018	42.85693	TR	average	Europe/Istanbul
40.78206	2013/12/10	72.34424	UZ	excellent	Asia/Tashkent
43.78956	2021-03-29	7.60872	IT	accep	Europe/Rome
50.82709	11 Feb 2016	6.9747	DE	accep	Europe/Berlin
37.08819	2015/10/26	-8.2503	PT	average	Europe/Lisbon
35.25064	01/19/2019, 00:00:00	-91.73625	US	excellent	America/Chicago
12.74482	02/09/2019, 00:00:00	4.52514	NG	excellent	Africa/Lagos
-7.0981	30 Aug 2021	109.3243	ID	average	Asia/Jakarta
-7.54972	2019-07-22	110.71639	ID	accep	Asia/Jakarta
27.92333	2021/11/22	118.53333	CN	average	Asia/Shanghai
53.77166	07/16/2014, 00:00:00	38.12408	RU	excellent	Europe/Moscow
45.50369	01/20/2015, 00:00:00	11.412	IT	maintenance	Europe/Rome
52.57583	2017-10-20	6.61944	NL	average	Europe/Amsterdam
50.23805	21 Nov 2015	8.86704	DE	excellent	Europe/Berlin
55.38752	2021-06-18	36.73307	RU	excellent	Europe/Moscow
4.94273	2022/09/12	15.87735	CF	good	Africa/Bangui
3.31332	2019/07/07	117.59152	ID	maintenance	Asia/Makassar
43.31667	2018/10/14	-2.68333	ES	accep	Europe/Madrid
53.37596	09/24/2022, 00:00:00	51.3452	RU	average	Europe/Samara
34.65918	2015/06/20	109.22921	CN	good	Asia/Shanghai
18.00747	2020/04/04	-76.78319	JM	average	America/Jamaica
4.92675	2022/09/09	6.26764	NG	excellent	Africa/Lagos
-1.63333	2016-10-31	13.58357	GA	building	Africa/Libreville
14.37395	2020-10-05	100.48528	TH	maintenance	Asia/Bangkok
48.98693	2016-12-27	2.44892	FR	accep	Europe/Paris
42.819	2016-03-31	47.1192	RU	excellent	Europe/Moscow
51.78967	2018/05/14	1.15597	GB	average	Europe/London
14.53767	2020/04/26	46.83187	YE	excellent	Asia/Aden
-37.9	2018/10/16	145.18333	AU	excellent	Australia/Melbourne
10.10649	2015-10-28	76.35484	IN	excellent	Asia/Kolkata
54.90083	07/19/2013, 00:00:00	38.07083	RU	good	Europe/Moscow
-7.60361	2016/10/19	37.00438	TZ	accep	Africa/Dar_es_Salaam
-0.35817	01 Nov 2018	42.54536	SO	maintenance	Africa/Mogadishu
42.4251	2020-04-04	-71.06616	US	building	America/New_York
-1.63333	03/05/2018, 00:00:00	13.58357	GA	average	Africa/Libreville
52.14	11/30/2014, 00:00:00	5.58472	NL	average	Europe/Amsterdam
18.65297	14 Nov 2015	-72.09391	HT	average	America/Port-au-Prince
51.40148	03 Apr 2022	-1.32471	GB	excellent	Europe/London
34.81667	2019-08-08	137.4	JP	average	Asia/Tokyo
-27.76952	28 Sep 2019	30.79165	ZA	average	Africa/Johannesburg
41.55838	02/19/2015, 00:00:00	-81.56929	US	excellent	America/New_York
47.92526	2016-02-01	-97.03285	US	accep	America/Chicago
16.68911	09 Oct 2017	98.50893	MM	good	Asia/Yangon
-15.675	2020-03-26	-38.94722	BR	average	America/Bahia
4.2475	2022/09/26	9.00472	CM	excellent	Africa/Douala
51.04962	08 Aug 2017	12.1369	DE	building	Europe/Berlin
45.51667	09/04/2014, 00:00:00	4.86667	FR	good	Europe/Paris
53.59782	03/07/2013, 00:00:00	34.33825	RU	excellent	Europe/Moscow
34.25628	2018/03/31	-78.04471	US	average	America/New_York
54.39635	04/14/2019, 00:00:00	24.04142	LT	good	Europe/Vilnius
53.6052	05 Oct 2019	10.03988	DE	accep	Europe/Berlin
6.9909	2013/12/09	79.883	LK	average	Asia/Colombo
16.455	2018-02-07	120.5875	PH	maintenance	Asia/Manila
18.57677	16 Nov 2014	-72.22625	HT	maintenance	America/Port-au-Prince
-6.91806	01/08/2020, 00:00:00	106.92667	ID	excellent	Asia/Jakarta
-20.88231	05 Dec 2016	55.4504	RE	accep	Indian/Reunion
41.57721	2013/09/13	-93.71133	US	accep	America/Chicago
52.09	14 Feb 2014	5.23333	NL	accep	Europe/Amsterdam
8.35122	2017/09/18	-62.64102	VE	good	America/Caracas
28.15112	09/05/2022, 00:00:00	-82.46148	US	accep	America/New_York
54.39635	25 Aug 2013	24.04142	LT	average	Europe/Vilnius
46.09273	11/16/2018, 00:00:00	-88.64235	US	average	America/Menominee
41.85059	03/03/2020, 00:00:00	-87.882	US	accep	America/Chicago
46.75451	2018-12-24	33.34864	UA	building	Europe/Kiev
28.15112	2015-05-09	-82.46148	US	excellent	America/New_York
35.64889	05/30/2022, 00:00:00	117.27583	CN	good	Asia/Shanghai
16.0438	2012/12/26	120.4861	PH	maintenance	Asia/Manila
-44.39672	19 Jun 2013	171.25364	NZ	average	Pacific/Auckland
40.65538	2013/10/06	-74.38987	US	accep	America/New_York
-19.72806	06/12/2018, 00:00:00	-50.19556	BR	accep	America/Sao_Paulo
57.30185	24 Dec 2020	39.85331	RU	building	Europe/Moscow
14.62072	29 May 2014	74.83554	IN	average	Asia/Kolkata
-8.73508	2022-04-28	24.99798	CD	maintenance	Africa/Lubumbashi
38.13708	29 Dec 2014	41.00817	TR	excellent	Europe/Istanbul
-1.26753	29 Mar 2017	116.82887	ID	average	Asia/Makassar
36.65	2019-10-30	138.31667	JP	good	Asia/Tokyo
54.58048	04 Feb 2013	16.86194	PL	excellent	Europe/Warsaw
40.72816	2019/05/02	-74.07764	US	good	America/New_York
42.8139	22 Feb 2013	-1.64295	ES	excellent	Europe/Madrid
40.72816	2018/11/26	-74.07764	US	excellent	America/New_York
41.57439	2017/04/24	24.71204	BG	average	Europe/Sofia
40.72816	2015-09-25	-74.07764	US	accep	America/New_York
-34.64167	27 Aug 2017	-60.47389	AR	average	America/Argentina/Buenos_Aires
40.34912	2013/12/26	-111.90466	US	good	America/Denver
34.56861	2013-04-19	105.89333	CN	average	Asia/Shanghai
22.4711	01/17/2019, 00:00:00	88.1453	IN	average	Asia/Kolkata
61.72744	2014-08-24	17.10558	SE	good	Europe/Stockholm
38.96372	2020/02/08	-76.99081	US	excellent	America/New_York
51.82721	08/22/2015, 00:00:00	107.60627	RU	building	Asia/Irkutsk
15.5439	04/05/2020, 00:00:00	73.7553	IN	accep	Asia/Kolkata
-4.42472	16 Feb 2013	-41.45861	BR	excellent	America/Fortaleza
36	2018-12-31	139.55722	JP	average	Asia/Tokyo
30.5427	10/12/2016, 00:00:00	-97.54667	US	accep	America/Chicago
39.32011	09 Apr 2022	-76.51552	US	excellent	America/New_York
41.09822	2018/09/20	120.74792	CN	average	Asia/Shanghai
26.32293	2020-02-07	91.00632	IN	good	Asia/Kolkata
53.93361	2016/01/31	37.92792	RU	accep	Europe/Moscow
35.20889	2017-02-27	111.73861	CN	good	Asia/Shanghai
30.81383	2013/11/17	75.16878	IN	excellent	Asia/Kolkata
32.05971	2020/03/17	34.8732	IL	accep	Asia/Jerusalem
19.32932	04/27/2015, 00:00:00	-98.1664	MX	building	America/Mexico_City
44.92934	2012/12/20	37.99117	RU	accep	Europe/Moscow
44.92934	14 Jul 2014	37.99117	RU	good	Europe/Moscow
37.71715	2013-11-18	-122.40433	US	accep	America/Los_Angeles
49.68369	2016/06/16	8.61839	DE	accep	Europe/Berlin
-1.6	2016/06/25	103.61667	ID	excellent	Asia/Jakarta
46.7055	2016/02/08	38.2739	RU	accep	Europe/Moscow
41.55838	2012/12/14	-81.56929	US	excellent	America/New_York
44.27804	13 Dec 2016	-88.27205	US	average	America/Chicago
51.40944	08/06/2016, 00:00:00	46.04833	RU	excellent	Europe/Saratov
44.92801	05/02/2020, 00:00:00	4.8951	FR	maintenance	Europe/Paris
-7.81667	2017/04/08	112.01667	ID	excellent	Asia/Jakarta
12.95629	2012/10/21	78.27539	IN	building	Asia/Kolkata
-22.97056	2014-06-06	-46.99583	BR	accep	America/Sao_Paulo
59.37722	17 May 2019	28.19028	EE	average	Europe/Tallinn
43.86682	2019-08-27	-79.2663	CA	accep	America/Toronto
47.90771	2015/07/30	106.88324	MN	maintenance	Asia/Ulaanbaatar
52.47774	06/02/2013, 00:00:00	10.5511	DE	good	Europe/Berlin
-8.66667	07 Dec 2018	-35.71667	BR	excellent	America/Recife
50.23805	01 Sep 2021	8.86704	DE	maintenance	Europe/Berlin
40.93333	10/24/2015, 00:00:00	73	KG	maintenance	Asia/Bishkek
30.76468	2016/12/01	74.12286	PK	average	Asia/Karachi
25.6439	27 Jun 2019	77.9129	IN	maintenance	Asia/Kolkata
48.90472	22 Nov 2021	2.2469	FR	good	Europe/Paris
39.71734	09/12/2018, 00:00:00	-74.96933	US	maintenance	America/New_York
48.86667	09/22/2016, 00:00:00	2.08333	FR	average	Europe/Paris
33.54428	2020/11/02	-84.23381	US	accep	America/New_York
53.53333	2016/05/03	-7.35	IE	excellent	Europe/Dublin
32.17629	04 Oct 2019	75.06583	PK	average	Asia/Karachi
-21.44345	09/11/2021, 00:00:00	-65.71875	BO	maintenance	America/La_Paz
12.74482	2017-11-28	4.52514	NG	average	Africa/Lagos
40.56754	2014-10-16	-89.64066	US	average	America/Chicago
41.63976	11 Jun 2013	2.35739	ES	building	Europe/Madrid
44.80477	2020-02-27	-0.59543	FR	accep	Europe/Paris
22.75218	27 Mar 2013	72.68533	IN	good	Asia/Kolkata
42.22718	02/20/2018, 00:00:00	14.39024	IT	accep	Europe/Rome
15.79408	2018-06-25	104.1451	TH	good	Asia/Bangkok
23.49668	2013/10/27	86.68363	IN	average	Asia/Kolkata
40.72586	18 Feb 2015	8.55552	IT	average	Europe/Rome
40.58654	2021-09-29	-122.39168	US	accep	America/Los_Angeles
13.70167	05/03/2014, 00:00:00	-89.10944	SV	accep	America/El_Salvador
-37.9	23 Jul 2013	145.18333	AU	average	Australia/Melbourne
36	07 Nov 2013	139.55722	JP	good	Asia/Tokyo
40.65538	14 Apr 2015	-74.38987	US	excellent	America/New_York
50.74497	18 Apr 2022	3.20639	BE	maintenance	Europe/Brussels
40.34912	2017-10-18	-111.90466	US	excellent	America/Denver
53.93361	2015/06/23	37.92792	RU	accep	Europe/Moscow
-10.91722	2018/12/02	-37.65	BR	average	America/Maceio
55.63711	2017-11-11	37.38115	RU	average	Europe/Moscow
50.09019	20 Apr 2021	8.4493	DE	accep	Europe/Berlin
27.09978	2016/09/05	-82.45426	US	good	America/New_York
28.54944	11 Mar 2015	-81.77285	US	accep	America/New_York
36.19278	11/09/2012, 00:00:00	117.65694	CN	good	Asia/Shanghai
10.15031	14 Mar 2019	-73.9614	CO	accep	America/Bogota
25.80565	2016/06/25	68.49143	PK	accep	Asia/Karachi
12.95629	2017/07/05	78.27539	IN	good	Asia/Kolkata
6.15038	09 Dec 2018	6.83042	NG	good	Africa/Lagos
33.3213	2018-04-05	130.94098	JP	excellent	Asia/Tokyo
56.85836	11/26/2013, 00:00:00	35.90057	RU	accep	Europe/Moscow
10.22677	2022/08/29	-67.33122	VE	excellent	America/Caracas
36.20829	19 May 2018	-115.98391	US	excellent	America/Los_Angeles
34.63915	13 Jun 2021	-120.45794	US	excellent	America/Los_Angeles
45.50369	04 Mar 2013	11.412	IT	good	Europe/Rome
53.53333	2018-07-12	-7.35	IE	building	Europe/Dublin
53.51684	13 Jul 2021	-113.3187	CA	accep	America/Edmonton
-38.16604	2021/03/14	145.13643	AU	good	Australia/Melbourne
47.83333	28 Mar 2019	59.6	KZ	excellent	Asia/Aqtobe
-4.5833	03/11/2016, 00:00:00	15.16554	CD	building	Africa/Kinshasa
-22.92306	18 Sep 2019	-53.13722	BR	accep	America/Sao_Paulo
17.94979	2022-03-15	-94.91386	MX	excellent	America/Mexico_City
-24.19436	20 Oct 2012	29.00974	ZA	accep	Africa/Johannesburg
10.15031	13 Jan 2014	-73.9614	CO	excellent	America/Bogota
5.27247	22 Mar 2013	-3.59625	CI	good	Africa/Abidjan
7.62789	06/20/2018, 00:00:00	4.74161	NG	excellent	Africa/Lagos
16.455	03 Dec 2020	120.5875	PH	average	Asia/Manila
4.96667	02 Aug 2015	10.7	CM	excellent	Africa/Douala
50.80904	10/17/2012, 00:00:00	8.77069	DE	excellent	Europe/Berlin
-36.9256	2017-01-12	-73.02841	CL	average	America/Santiago
53.7446	2015-03-04	-0.33525	GB	accep	Europe/London
50.5107	06/20/2021, 00:00:00	18.30056	PL	average	Europe/Warsaw
34.65918	2014/01/05	109.22921	CN	maintenance	Asia/Shanghai
25.6439	2013-04-05	77.9129	IN	average	Asia/Kolkata
14.62072	09/22/2018, 00:00:00	74.83554	IN	accep	Asia/Kolkata
34.5624	01/06/2016, 00:00:00	38.28402	SY	good	Asia/Damascus
49.65186	04/05/2017, 00:00:00	26.97253	UA	good	Europe/Kiev
35.6803	2016-01-19	51.0193	IR	average	Asia/Tehran
19.30157	2015-02-07	72.85107	IN	average	Asia/Kolkata
41.41204	04 Sep 2022	2.18247	ES	good	Europe/Madrid
25.6439	2020/10/15	77.9129	IN	accep	Asia/Kolkata
54.03876	11/18/2017, 00:00:00	43.91385	RU	maintenance	Europe/Moscow
34.61667	06/13/2022, 00:00:00	135.6	JP	average	Asia/Tokyo
39.32011	2014-02-10	-76.51552	US	good	America/New_York
-2.90055	2014-03-17	-79.00453	EC	accep	America/Guayaquil
21.46527	19 Oct 2013	83.97573	IN	excellent	Asia/Kolkata
20.21322	2015-10-31	-100.88023	MX	maintenance	America/Mexico_City
43.61062	2013-07-04	-72.97261	US	average	America/New_York
-54.8	2013-01-04	-68.3	AR	good	America/Argentina/Ushuaia
13.70167	2020/12/15	-89.10944	SV	good	America/El_Salvador
37.49073	2021-11-16	-2.77259	ES	accep	Europe/Madrid
48.78232	2020/01/10	9.17702	DE	maintenance	Europe/Berlin
41.57439	07 Jul 2014	24.71204	BG	excellent	Europe/Sofia
29.69221	2017-06-24	72.54566	PK	excellent	Asia/Karachi
9.92787	2016-12-13	-84.13722	CR	accep	America/Costa_Rica
-27.76952	08/10/2016, 00:00:00	30.79165	ZA	accep	Africa/Johannesburg
42.97086	05 Jan 2014	-82.42491	US	excellent	America/Detroit
-27.76952	01/04/2013, 00:00:00	30.79165	ZA	average	Africa/Johannesburg
-17.83333	09/14/2017, 00:00:00	48.41667	MG	average	Indian/Antananarivo
46.75451	03/23/2022, 00:00:00	33.34864	UA	accep	Europe/Kiev
28.54944	26 Nov 2018	-81.77285	US	accep	America/New_York
42.67164	02/19/2018, 00:00:00	14.01481	IT	average	Europe/Rome
41.80753	2012-10-02	-87.65644	US	good	America/Chicago
33.92946	2016/10/09	-116.97725	US	accep	America/Los_Angeles
32.54278	11/15/2019, 00:00:00	111.50861	CN	good	Asia/Shanghai
51.40148	09/10/2013, 00:00:00	-1.32471	GB	accep	Europe/London
37.58105	2013/10/23	29.26639	TR	excellent	Europe/Istanbul
51.35084	11/09/2018, 00:00:00	-1.99421	GB	excellent	Europe/London
55.64776	10/23/2016, 00:00:00	38.02486	RU	excellent	Europe/Moscow
-3.14306	2013-04-06	-58.44417	BR	average	America/Manaus
-3.14306	2022-07-01	-58.44417	BR	good	America/Manaus
39.57582	2015-09-18	-105.11221	US	building	America/Denver
29.22254	2013/07/31	79.5286	IN	building	Asia/Kolkata
20.88197	2017/07/31	85.83334	IN	accep	Asia/Kolkata
57.30185	01 Sep 2021	39.85331	RU	good	Europe/Moscow
32.42067	17 Jun 2021	-104.22884	US	excellent	America/Denver
40.55851	2022-02-08	17.80774	IT	excellent	Europe/Rome
52.61131	09/30/2016, 00:00:00	13.31783	DE	accep	Europe/Berlin
48.21644	2012/12/21	9.02596	DE	good	Europe/Berlin
11.84962	09/05/2019, 00:00:00	-86.19903	NI	good	America/Managua
39.33427	2015-08-16	-76.43941	US	accep	America/New_York
49.65186	01/20/2019, 00:00:00	26.97253	UA	maintenance	Europe/Kiev
47.48444	2014-02-02	36.25361	UA	excellent	Europe/Zaporozhye
53.77166	04 Mar 2018	38.12408	RU	average	Europe/Moscow
53.77166	2016/04/21	38.12408	RU	accep	Europe/Moscow
50.75	19 Sep 2019	2.25	FR	accep	Europe/Paris
43.62558	07/24/2014, 00:00:00	13.39954	IT	average	Europe/Rome
48.49144	2013-03-03	9.20427	DE	average	Europe/Berlin
-19.32556	03/12/2020, 00:00:00	-41.25528	BR	good	America/Sao_Paulo
43.35071	05 Feb 2022	46.10925	RU	average	Europe/Moscow
32.17629	2016/02/20	75.06583	PK	average	Asia/Karachi
38.96667	03/20/2020, 00:00:00	-0.18333	ES	accep	Europe/Madrid
42.35843	15 Apr 2022	-71.05977	US	excellent	America/New_York
-3.74912	2012-12-17	-73.25383	PE	excellent	America/Lima
43.1122	2012/10/11	12.38878	IT	excellent	Europe/Rome
28.71271	05 Nov 2015	77.656	IN	excellent	Asia/Kolkata
-8.76194	2014/04/21	-63.90389	BR	average	America/Porto_Velho
11.8659	10/18/2012, 00:00:00	34.3869	SD	average	Africa/Khartoum
65.93381	2017-03-16	111.4834	RU	maintenance	Asia/Yakutsk
20.88098	11/11/2018, 00:00:00	75.11937	IN	average	Asia/Kolkata
-7.01833	2020/12/15	107.60389	ID	excellent	Asia/Jakarta
53.0233	2016/11/03	-1.48119	GB	accep	Europe/London
-0.35817	2014-11-12	42.54536	SO	average	Africa/Mogadishu
-37.9	2019-01-16	145.18333	AU	building	Australia/Melbourne
-3.14306	09/29/2015, 00:00:00	-58.44417	BR	excellent	America/Manaus
44.22639	06/13/2022, 00:00:00	22.53083	RS	good	Europe/Belgrade
-10.90889	22 Jan 2013	-37.03861	BR	excellent	America/Maceio
39.59611	05/26/2017, 00:00:00	27.02444	TR	excellent	Europe/Istanbul
8.88988	10/13/2012, 00:00:00	-79.62603	PA	accep	America/Panama
36.33011	02 Dec 2019	138.89585	JP	average	Asia/Tokyo
-31.4488	2018/02/11	-60.93173	AR	building	America/Argentina/Cordoba
19.04222	2019-11-28	-98.11889	MX	good	America/Mexico_City
40.98894	01 Dec 2017	28.67582	TR	accep	Europe/Istanbul
47.92526	2017-08-23	-97.03285	US	good	America/Chicago
39.96348	02 Mar 2022	-4.83076	ES	accep	Europe/Madrid
40.64621	15 May 2019	-73.97069	US	accep	America/New_York
37.52487	2021-03-25	-77.55777	US	good	America/New_York
14.67751	25 Feb 2013	-60.94228	MQ	average	America/Martinique
37.56667	2015-08-21	140.11667	JP	average	Asia/Tokyo
26.68451	2017/10/27	-80.66756	US	excellent	America/New_York
-1.9487	2019-01-01	30.4347	RW	accep	Africa/Kigali
27.9247	06 Feb 2022	78.40102	IN	maitennce	Asia/Kolkata
54.03876	05/12/2018, 00:00:00	43.91385	RU	maintenance	Europe/Moscow
27.0174	2012-11-27	49.62251	SA	average	Asia/Riyadh
-28.81833	2013/12/05	-52.51028	BR	average	America/Sao_Paulo
31.96258	04/14/2022, 00:00:00	73.97117	PK	excellent	Asia/Karachi
36.20389	10/06/2018, 00:00:00	127.08472	KR	excellent	Asia/Seoul
7.06273	2017-06-07	-1.4001	GH	maintenance	Africa/Accra
65.93381	09/06/2018, 00:00:00	111.4834	RU	excellent	Asia/Yakutsk
14.14989	2015/06/09	121.3152	PH	accep	Asia/Manila
48.98333	2015/07/24	2.61667	FR	average	Europe/Paris
14.14989	06/11/2017, 00:00:00	121.3152	PH	good	Asia/Manila
24.05979	2020-10-10	77.40858	IN	maintenance	Asia/Kolkata
10.66668	12/09/2020, 00:00:00	-61.51889	TT	average	America/Port_of_Spain
-3.14306	2021/05/02	-58.44417	BR	average	America/Manaus
44.89784	2021/02/17	8.86374	IT	average	Europe/Rome
52.86147	19 Apr 2022	9.5926	DE	good	Europe/Berlin
9.15093	10/13/2013, 00:00:00	-79.62098	PA	good	America/Panama
52.59319	2015/06/21	13.32127	DE	average	Europe/Berlin
40.87363	09/05/2018, 00:00:00	14.34085	IT	accep	Europe/Rome
48.90982	04/04/2019, 00:00:00	2.45012	FR	accep	Europe/Paris
52.4581	03 Dec 2013	13.28702	DE	excellent	Europe/Berlin
51.4781	26 Dec 2014	57.3552	RU	building	Asia/Yekaterinburg
4.96667	2016-05-30	10.7	CM	average	Africa/Douala
-31.95224	08/12/2015, 00:00:00	115.8614	AU	excellent	Australia/Perth
-11.78333	2014/06/17	19.91667	AO	good	Africa/Luanda
-12.91667	2013-04-14	-39.25	BR	average	America/Bahia
-11.78333	06/25/2014, 00:00:00	19.91667	AO	average	Africa/Luanda
51.78967	12 Apr 2016	1.15597	GB	average	Europe/London
41.55815	2021-12-07	-73.0515	US	good	America/New_York
36.81667	2015-09-01	117.81667	CN	excellent	Asia/Shanghai
42.7	2020/07/16	27.25	BG	accep	Europe/Sofia
23.73333	08 Dec 2014	114.68333	CN	excellent	Asia/Shanghai
51.64316	2017/12/19	-0.36053	GB	excellent	Europe/London
40.53123	2013-05-11	17.58522	IT	accep	Europe/Rome
37.74615	11/21/2021, 00:00:00	-25.66689	PT	excellent	Atlantic/Azores
50.76306	09/11/2018, 00:00:00	-1.29772	GB	maitennce	Europe/London
48.90982	18 Nov 2020	2.45012	FR	average	Europe/Paris
48.79325	11/23/2017, 00:00:00	2.29275	FR	good	Europe/Paris
15.45144	06 Dec 2015	78.14797	IN	accep	Asia/Kolkata
-27.4338	2014-09-24	-65.61427	AR	building	America/Argentina/Tucuman
53.46506	2022-02-18	-1.47217	GB	accep	Europe/London
20.74122	2019-06-03	-100.44843	MX	excellent	America/Mexico_City
51.62907	2013/09/10	-0.74934	GB	good	Europe/London
50.76306	2021/03/17	-1.29772	GB	acceptable	Europe/London
38.38479	2014/02/11	-0.76773	ES	average	Europe/Madrid
53.49389	11/27/2015, 00:00:00	-1.29243	GB	maintenance	Europe/London
40.93333	2013-10-24	73	KG	good	Asia/Bishkek
30.21121	2014-02-18	74.4818	IN	accep	Asia/Kolkata
37.31309	2013-12-30	40.74357	TR	maintenance	Europe/Istanbul
49.03685	2018-02-22	8.70745	DE	excellent	Europe/Berlin
50.76306	2021-03-27	-1.29772	GB	excellent	Europe/London
47.48444	2016-01-09	36.25361	UA	maintenance	Europe/Zaporozhye
48.8449	2016/10/02	17.22635	SK	excellent	Europe/Bratislava
-8.99167	08/31/2014, 00:00:00	125.21972	TL	excellent	Asia/Dili
22.88783	28 Jun 2019	84.13864	IN	maintenance	Asia/Kolkata
22.4711	2016-05-03	88.1453	IN	good	Asia/Kolkata
34.95303	01/08/2022, 00:00:00	-120.43572	US	good	America/Los_Angeles
29.69221	30 Jul 2020	72.54566	PK	acceptable	Asia/Karachi
53.38333	01/15/2015, 00:00:00	-0.76667	GB	excellent	Europe/London
53.95278	2017/06/20	32.86389	RU	excellent	Europe/Moscow
46.18396	2021/08/02	6.10237	CH	good	Europe/Zurich
39.32288	09/02/2017, 00:00:00	-76.72803	US	average	America/New_York
50.7236	01 Jun 2021	-3.52751	GB	maintenance	Europe/London
7.83389	05/23/2020, 00:00:00	-72.47417	CO	accep	America/Bogota
-5.85746	09/24/2015, 00:00:00	144.23058	PG	excellent	Pacific/Port_Moresby
0.49113	09/15/2013, 00:00:00	29.47306	CD	average	Africa/Lubumbashi
40.55851	2014-01-16	17.80774	IT	excellent	Europe/Rome
3.31332	12/16/2013, 00:00:00	117.59152	ID	accep	Asia/Makassar
52.2	12 Apr 2013	8.63333	DE	building	Europe/Berlin
25.92493	2014-12-13	73.66633	IN	good	Asia/Kolkata
7.65649	04/05/2016, 00:00:00	4.92235	NG	maintenance	Africa/Lagos
20.22816	2019-07-30	-103.5687	MX	building	America/Mexico_City
26.91756	2018-12-30	-82.07842	US	excellent	America/New_York
25.87498	03/14/2016, 00:00:00	86.59611	IN	average	Asia/Kolkata
43.61092	2020-12-25	3.87723	FR	accep	Europe/Paris
43.1122	03/27/2017, 00:00:00	12.38878	IT	good	Europe/Rome
5.4709	05/15/2016, 00:00:00	100.24529	MY	average	Asia/Kuala_Lumpur
-19.7625	2019/06/29	-44.31389	BR	excellent	America/Sao_Paulo
53.38333	25 Oct 2021	-0.76667	GB	excellent	Europe/London
-20.87306	2020-07-16	-48.29694	BR	average	America/Sao_Paulo
36.61954	02/07/2019, 00:00:00	4.08282	DZ	average	Africa/Algiers
26.11527	05/20/2021, 00:00:00	86.59509	IN	excellent	Asia/Kolkata
45.99194	27 Sep 2012	29.41824	UA	excellent	Europe/Kiev
21.53889	2013-11-11	71.57737	IN	excellent	Asia/Kolkata
50.82882	12/15/2021, 00:00:00	-0.32247	GB	average	Europe/London
50.80019	2015/04/03	7.20769	DE	average	Europe/Berlin
46.18396	03 Feb 2016	6.10237	CH	average	Europe/Zurich
38.13708	24 Dec 2016	41.00817	TR	accep	Europe/Istanbul
48.77644	2016-07-27	2.29026	FR	building	Europe/Paris
35.20889	08/25/2017, 00:00:00	111.73861	CN	average	Asia/Shanghai
37.31065	25 Jul 2021	13.57661	IT	good	Europe/Rome
53.46506	2013/11/30	-1.47217	GB	average	Europe/London
54.90083	18 Jun 2018	38.07083	RU	average	Europe/Moscow
23.15678	2022/07/25	-81.24441	CU	accep	America/Havana
61.72744	21 Jun 2022	17.10558	SE	good	Europe/Stockholm
20.21322	2012-11-28	-100.88023	MX	excellent	America/Mexico_City
23.29549	05/07/2018, 00:00:00	113.82465	CN	average	Asia/Shanghai
16.06213	27 Nov 2013	76.0586	IN	maitennce	Asia/Kolkata
41.24255	06/05/2022, 00:00:00	-82.61573	US	excellent	America/New_York
-16.25	2019/11/22	-69.08333	PE	average	America/Lima
42.24113	27 Aug 2020	-88.3162	US	good	America/Chicago
52.71083	07/31/2020, 00:00:00	5.74861	NL	average	Europe/Amsterdam
40.1675	2017/09/02	34.37389	TR	good	Europe/Istanbul
54.8421	12 May 2020	46.5813	RU	average	Europe/Moscow
15.45144	21 Jan 2014	78.14797	IN	excellent	Asia/Kolkata
43.32686	04/26/2018, 00:00:00	-2.98884	ES	excellent	Europe/Madrid
45.39402	2022/02/08	9.29109	IT	good	Europe/Rome
53.19146	09/28/2012, 00:00:00	-2.52398	GB	excellent	Europe/London
11.50526	07/14/2022, 00:00:00	77.23826	IN	good	Asia/Kolkata
25.95533	07/24/2018, 00:00:00	68.88871	PK	good	Asia/Karachi
12.74482	02/02/2020, 00:00:00	4.52514	NG	average	Africa/Lagos
6.46346	13 Dec 2014	-2.31938	GH	good	Africa/Accra
42.93369	2018-06-26	-72.27814	US	good	America/New_York
52.86147	13 Aug 2019	9.5926	DE	accep	Europe/Berlin
42.06166	08/25/2019, 00:00:00	-1.60452	ES	average	Europe/Madrid
